{
  "modality_names": [
    "Spatial Distribution",
    "Radial Track Structure",
    "Local Energy Heterogeneity",
    "Dose Distribution",
    "Genomic Location",
    "Damage Complexity",
    "Topological Summaries"
  ],
  "modality_keys": [
    "m1_",
    "m2_",
    "m3_",
    "m4_",
    "m5_",
    "m6_",
    "m7_"
  ],
  "particle_keys": [
    "electron_mono",
    "proton_psobp",
    "proton_dsobp",
    "helium_psobp",
    "helium_dsobp",
    "carbon_psobp",
    "carbon_dsobp"
  ],
  "particle_shorts": [
    "e\u207b",
    "p\u207a p",
    "p\u207a d",
    "He p",
    "He d",
    "C p",
    "C d"
  ],
  "particle_lets": [
    0.2,
    4.6,
    8.1,
    10.0,
    30.0,
    40.9,
    70.7
  ],
  "accuracy_matrix": [
    [
      0.5257142857142858,
      0.4091428571428572,
      0.40800000000000003,
      0.38228571428571434,
      0.2702857142857143,
      0.3394285714285714,
      0.1942857142857143
    ],
    [
      0.03257142857142857,
      0.03428571428571429,
      0.09085714285714286,
      0.06,
      0.03257142857142857,
      0.050857142857142865,
      0.04171428571428572
    ],
    [
      0.002857142857142857,
      0.0005714285714285715,
      0.0005714285714285715,
      0.0051428571428571435,
      0.0,
      0.001142857142857143,
      0.0
    ],
    [
      0.0,
      0.0,
      0.0,
      0.0,
      0.0,
      0.0,
      0.0
    ],
    [
      0.5411428571428571,
      0.2977142857142857,
      0.26457142857142857,
      0.2782857142857143,
      0.19485714285714287,
      0.18971428571428575,
      0.13257142857142856
    ],
    [
      0.04800000000000001,
      0.04057142857142857,
      0.036000000000000004,
      0.026857142857142854,
      0.03885714285714286,
      0.03428571428571428,
      0.024
    ],
    [
      0.6222857142857143,
      0.4908571428571429,
      0.5154285714285713,
      0.5394285714285715,
      0.3462857142857143,
      0.46799999999999997,
      0.30000000000000004
    ]
  ],
  "chance_level": 0.14285714285714285,
  "cv_config": {
    "n_splits": 5,
    "n_repeats": 5,
    "n_trees": 200
  }
}